"ruta","url_completa","lastmod","estado_http_hoy","redirige_a"
"/productos/alquiler-de-efecto-lanzallamas-bogota/","http://ltndj.com/productos/alquiler-de-efecto-lanzallamas-bogota/","2016-10-19T20:38:21Z","404",""
"/productos/alquiler-canon-venturi/","http://ltndj.com/productos/alquiler-canon-venturi/","2016-10-19T20:10:45Z","404",""
"/productos/alquiler-de-consola-para-eventos-bogota/","http://ltndj.com/productos/alquiler-de-consola-para-eventos-bogota/","2016-10-18T18:19:56Z","404",""
"/productos/alquiler-de-cabinas-y-bajos-para-eventos-en-bogota/","http://ltndj.com/productos/alquiler-de-cabinas-y-bajos-para-eventos-en-bogota/","2016-10-18T22:04:18Z","404",""
"/productos/sistema-bose-l1-compact/","http://ltndj.com/productos/sistema-bose-l1-compact/","2016-10-18T17:40:23Z","404",""
"/productos/alquiler-de-equipos-de-sonido-bogota/","http://ltndj.com/productos/alquiler-de-equipos-de-sonido-bogota/","2016-10-18T17:35:48Z","404",""
"/productos/alquiler-de-cabinas-bogota/","http://ltndj.com/productos/alquiler-de-cabinas-bogota/","2016-10-18T16:55:30Z","404",""
"/productos/alquiler-de-bajos-para-eventos-en-bogota/","http://ltndj.com/productos/alquiler-de-bajos-para-eventos-en-bogota/","2016-10-18T21:53:35Z","404",""
"/productos/alquiler-de-microfonos-bogota/","http://ltndj.com/productos/alquiler-de-microfonos-bogota/","2016-10-18T16:47:58Z","404",""
"/productos/alquiler-de-sonido-para-eventos/","http://ltndj.com/productos/alquiler-de-sonido-para-eventos/","2016-10-18T16:37:35Z","404",""
"/productos/alquiler-de-microfonos-en-bogota/","http://ltndj.com/productos/alquiler-de-microfonos-en-bogota/","2016-10-18T16:35:29Z","404",""
"/productos/alquiler-de-consola-para-fiestas/","http://ltndj.com/productos/alquiler-de-consola-para-fiestas/","2016-10-18T16:31:37Z","404",""
"/productos/alquiler-de-equipos-de-sonido-para-eventos/","http://ltndj.com/productos/alquiler-de-equipos-de-sonido-para-eventos/","2016-10-18T16:29:30Z","404",""
"/productos/alquiler-de-consola-para-eventos/","http://ltndj.com/productos/alquiler-de-consola-para-eventos/","2016-10-18T16:26:42Z","404",""
"/productos/alquiler-de-mobiliario-para-eventos/","http://ltndj.com/productos/alquiler-de-mobiliario-para-eventos/","2016-10-25T16:14:04Z","200","/alquiler-de-mobiliario-para-eventos/"
"/productos/sala-andalucia/","http://ltndj.com/productos/sala-andalucia/","2017-06-09T17:22:41Z","404",""
"/productos/alquiler-de-salas-lounge/","http://ltndj.com/productos/alquiler-de-salas-lounge/","2017-06-09T17:25:00Z","404",""
"/productos/muebles-para-fiestas/","http://ltndj.com/productos/muebles-para-fiestas/","2016-10-25T16:17:23Z","404",""
"/productos/sofa-andalucia/","http://ltndj.com/productos/sofa-andalucia/","2016-08-12T14:56:41Z","404",""
"/productos/sofa-damasco/","http://ltndj.com/productos/sofa-damasco/","2017-06-09T17:30:20Z","404",""
"/productos/silla-bilbao/","http://ltndj.com/productos/silla-bilbao/","2017-06-09T17:41:02Z","404",""
"/productos/silla-brusela/","http://ltndj.com/productos/silla-brusela/","2017-06-09T17:41:51Z","404",""
"/productos/sillas-tyffanny-plata/","http://ltndj.com/productos/sillas-tyffanny-plata/","2016-08-11T15:27:08Z","404",""
"/productos/mesa-tapa-vidrio/","http://ltndj.com/productos/mesa-tapa-vidrio/","2016-08-12T15:00:24Z","404",""
"/productos/tablones-con-lycras/","http://ltndj.com/productos/tablones-con-lycras/","2016-08-12T15:02:07Z","404",""
"/productos/alquiler-de-mesas-y-sillas/","http://ltndj.com/productos/alquiler-de-mesas-y-sillas/","2016-10-25T16:16:08Z","404",""
"/productos/mesa-coctelera-con-mantel-mon%cc%83o/","http://ltndj.com/productos/mesa-coctelera-con-mantel-mon%cc%83o/","2016-08-12T15:04:09Z","404",""
"/productos/mesa-coctelera-con-mantel-sobre-mantel-spandex/","http://ltndj.com/productos/mesa-coctelera-con-mantel-sobre-mantel-spandex/","2016-08-12T15:05:41Z","404",""
"/productos/mesa-coctelera-con-lycra/","http://ltndj.com/productos/mesa-coctelera-con-lycra/","2017-06-09T19:31:46Z","404",""
"/productos/poltrona-california/","http://ltndj.com/productos/poltrona-california/","2016-08-11T14:40:32Z","404",""
"/productos/poltrona-damasco/","http://ltndj.com/productos/poltrona-damasco/","2017-06-09T17:31:28Z","404",""
"/productos/puff-milan/","http://ltndj.com/productos/puff-milan/","2016-08-11T14:37:30Z","404",""
"/productos/puff-milan-triple/","http://ltndj.com/productos/puff-milan-triple/","2016-08-12T15:08:57Z","404",""
"/productos/cheilon-roma/","http://ltndj.com/productos/cheilon-roma/","2016-08-11T14:34:47Z","404",""
"/productos/cheilon-atenas/","http://ltndj.com/productos/cheilon-atenas/","2016-08-12T15:10:24Z","404",""
"/productos/silla-interlocutora/","http://ltndj.com/productos/silla-interlocutora/","2016-08-11T14:32:10Z","404",""
"/productos/silla-giratoria-cromada/","http://ltndj.com/productos/silla-giratoria-cromada/","2017-06-09T19:23:59Z","404",""
"/productos/separador-de-fila/","http://ltndj.com/productos/separador-de-fila/","2016-08-12T15:14:57Z","404",""
"/productos/barras-de-coctel-barcelona/","http://ltndj.com/productos/barras-de-coctel-barcelona/","2017-06-09T19:24:48Z","404",""
"/productos/barras-de-coctel-lisboa/","http://ltndj.com/productos/barras-de-coctel-lisboa/","2016-08-11T14:27:16Z","404",""
"/productos/alquiler-de-estructuras-para-eventos/","http://ltndj.com/productos/alquiler-de-estructuras-para-eventos/","2016-10-18T17:18:41Z","404",""
"/productos/alquiler-de-estructuras/","http://ltndj.com/productos/alquiler-de-estructuras/","2016-10-18T17:16:30Z","404",""
"/productos/alquiler-de-estructuras-para-luces-en-bogota/","http://ltndj.com/productos/alquiler-de-estructuras-para-luces-en-bogota/","2016-10-18T17:15:47Z","404",""
"/productos/alquiler-de-cortinas-led-bogota/","http://ltndj.com/productos/alquiler-de-cortinas-led-bogota/","2016-10-18T22:12:59Z","404",""
"/productos/alquiler-de-maquina-de-humo-bogota/","http://ltndj.com/productos/alquiler-de-maquina-de-humo-bogota/","2016-10-18T17:12:31Z","404",""
"/productos/alquiler-de-equipos-de-laser-para-eventos/","http://ltndj.com/productos/alquiler-de-equipos-de-laser-para-eventos/","2016-10-18T17:09:20Z","404",""
"/productos/alquiler-de-luces-par-led-bogota/","http://ltndj.com/productos/alquiler-de-luces-par-led-bogota/","2016-10-18T17:05:25Z","404",""
"/productos/alquiler-de-cabezas-moviles-para-eventos/","http://ltndj.com/productos/alquiler-de-cabezas-moviles-para-eventos/","2016-10-18T17:04:07Z","404",""
"/productos/alquiler-de-cabezas-moviles/","http://ltndj.com/productos/alquiler-de-cabezas-moviles/","2016-10-18T17:02:23Z","404",""
"/dj-minitecas-precios-en-bogota/","http://ltndj.com/dj-minitecas-precios-en-bogota/","2017-08-29T21:07:16Z","404",""
"/fiesta-tematica-de-los-80/","http://ltndj.com/fiesta-tematica-de-los-80/","2018-02-21T13:21:43Z","404",""
"/alquiler-de-luces-y-sonido-para-eventos-y-conciertos/","http://ltndj.com/alquiler-de-luces-y-sonido-para-eventos-y-conciertos/","2017-04-07T14:47:47Z","404",""
"/alquiler-de-mobiliario-para-eventos/","http://ltndj.com/alquiler-de-mobiliario-para-eventos/","2018-02-03T18:09:08Z","200",""
"/alquiler-de-videowall-bogota/","http://ltndj.com/alquiler-de-videowall-bogota/","2017-08-05T17:57:14Z","200",""
"/alquiler-de-pistas-de-baile-led-bogota/","http://ltndj.com/alquiler-de-pistas-de-baile-led-bogota/","2017-08-08T20:59:10Z","200",""
"/sonido-e-iluminacion/","http://ltndj.com/sonido-e-iluminacion/","2017-08-29T21:22:19Z","200",""
"/home-party-bogota/","http://ltndj.com/home-party-bogota/","2017-08-29T21:19:06Z","404",""
"/","http://ltndj.com/","2018-02-21T13:32:36Z","200",""
"/alquiler-de-videowall-bogota/alquiler-de-pantalla-led-pitch-para-eventos/","http://ltndj.com/alquiler-de-videowall-bogota/alquiler-de-pantalla-led-pitch-para-eventos/","2017-06-09T17:04:12Z","404",""
"/alquiler-de-videowall-bogota/alquiler-de-pantalla-led-pitch-en-bogota/","http://ltndj.com/alquiler-de-videowall-bogota/alquiler-de-pantalla-led-pitch-en-bogota/","2017-06-09T17:04:08Z","404",""
"/alquiler-de-videowall-bogota/alquiler-de-pantalla-led-pitch/","http://ltndj.com/alquiler-de-videowall-bogota/alquiler-de-pantalla-led-pitch/","2017-06-09T16:33:27Z","404",""
"/alquiler-de-videowall-bogota/alquiler-de-pantallas-en-bogota/","http://ltndj.com/alquiler-de-videowall-bogota/alquiler-de-pantallas-en-bogota/","2017-06-09T16:33:19Z","404",""
"/alquiler-de-videowall-bogota/alquiler-de-pantallas-led-en-bogota/","http://ltndj.com/alquiler-de-videowall-bogota/alquiler-de-pantallas-led-en-bogota/","2017-06-09T16:04:01Z","404",""
"/alquiler-de-videowall-bogota/alquiler-video-wall-para-eventos-en-bogota-2/","http://ltndj.com/alquiler-de-videowall-bogota/alquiler-video-wall-para-eventos-en-bogota-2/","2017-06-09T15:52:05Z","404",""
"/alquiler-de-videowall-bogota/videowall-alquiler-en-bogota/","http://ltndj.com/alquiler-de-videowall-bogota/videowall-alquiler-en-bogota/","2017-06-09T15:51:59Z","404",""
"/alquiler-de-videowall-bogota/alquiler-de-pantalla-led-full-hd/","http://ltndj.com/alquiler-de-videowall-bogota/alquiler-de-pantalla-led-full-hd/","2017-06-09T15:51:54Z","404",""
"/alquiler-de-pistas-de-baile-led-bogota/alquiler-de-pistas-de-baile-led/","http://ltndj.com/alquiler-de-pistas-de-baile-led-bogota/alquiler-de-pistas-de-baile-led/","2017-06-08T20:14:31Z","200","/alquiler-de-pistas-de-baile-led-bogota/"
"/alquiler-de-pistas-de-baile-led-bogota/alquiler-de-pistas-de-led-en-bogota/","http://ltndj.com/alquiler-de-pistas-de-baile-led-bogota/alquiler-de-pistas-de-led-en-bogota/","2017-06-08T20:07:26Z","404",""
"/alquiler-de-pistas-de-baile-led-bogota/pistas-iluminadas/","http://ltndj.com/alquiler-de-pistas-de-baile-led-bogota/pistas-iluminadas/","2017-06-08T19:55:52Z","404",""
"/alquiler-de-pistas-de-baile-led-bogota/pistas-de-baile-led-bogota/","http://ltndj.com/alquiler-de-pistas-de-baile-led-bogota/pistas-de-baile-led-bogota/","2017-06-08T19:47:08Z","404",""
"/alquiler-de-pistas-de-baile-led-bogota/pisos-iluminados/","http://ltndj.com/alquiler-de-pistas-de-baile-led-bogota/pisos-iluminados/","2017-06-08T18:53:13Z","404",""
"/alquiler-de-pistas-de-baile-led-bogota/pistas-de-led-bogota/","http://ltndj.com/alquiler-de-pistas-de-baile-led-bogota/pistas-de-led-bogota/","2017-06-08T18:17:42Z","404",""
"/alquiler-de-pistas-de-baile-led-bogota/alquiler-de-pistas-de-led-2/","http://ltndj.com/alquiler-de-pistas-de-baile-led-bogota/alquiler-de-pistas-de-led-2/","2017-06-08T17:58:15Z","404",""
"/alquiler-de-pistas-de-baile-led-bogota/pisos-led-3/","http://ltndj.com/alquiler-de-pistas-de-baile-led-bogota/pisos-led-3/","2017-06-08T17:58:22Z","404",""
"/alquiler-de-pistas-de-baile-led-bogota/pisos-led/","http://ltndj.com/alquiler-de-pistas-de-baile-led-bogota/pisos-led/","2017-06-08T20:14:37Z","404",""
"/fiesta-tematica-de-los-80/fiestas-ochenteras-decoracion/","http://ltndj.com/fiesta-tematica-de-los-80/fiestas-ochenteras-decoracion/","2017-05-25T21:42:36Z","404",""
"/fiesta-tematica-de-los-80/fiestas-ochenteras-2017/","http://ltndj.com/fiesta-tematica-de-los-80/fiestas-ochenteras-2017/","2017-05-25T21:42:30Z","404",""
"/fiestas-de-15-anos/","http://ltndj.com/fiestas-de-15-anos/","2017-05-25T21:25:03Z","404",""
"/fiestas-de-fin-de-ano-empresariales-bogota-2/","http://ltndj.com/fiestas-de-fin-de-ano-empresariales-bogota-2/","2017-05-25T21:24:58Z","404",""
"/fiesta-tematica-de-los-80/fiestas-tematicas-de-15-anos-de-los-80/","http://ltndj.com/fiesta-tematica-de-los-80/fiestas-tematicas-de-15-anos-de-los-80/","2017-05-25T21:20:08Z","404",""
"/fiesta-tematica-de-los-80/fiestas-tematicas-full-80s-2/","http://ltndj.com/fiesta-tematica-de-los-80/fiestas-tematicas-full-80s-2/","2017-05-25T21:20:13Z","404",""
"/fiesta-tematica-de-los-80/fiestas-tematicas-de-los-80-para-15-anos/","http://ltndj.com/fiesta-tematica-de-los-80/fiestas-tematicas-de-los-80-para-15-anos/","2017-05-25T21:20:17Z","404",""
"/fiesta-tematica-de-los-80/fiestas-y-eventos-en-bogota/","http://ltndj.com/fiesta-tematica-de-los-80/fiestas-y-eventos-en-bogota/","2017-05-25T21:20:18Z","404",""
"/fiesta-tematica-de-los-80/fiestas-tematicas-para-adultos-de-los-80/","http://ltndj.com/fiesta-tematica-de-los-80/fiestas-tematicas-para-adultos-de-los-80/","2017-05-25T21:20:19Z","404",""
"/fiesta-tematica-de-los-80/fiestas-ochentas/","http://ltndj.com/fiesta-tematica-de-los-80/fiestas-ochentas/","2017-05-25T21:20:20Z","404",""
"/fiesta-tematica-de-los-80/fiestas-tematicas-e-ideas-para-eventos/","http://ltndj.com/fiesta-tematica-de-los-80/fiestas-tematicas-e-ideas-para-eventos/","2017-05-25T21:20:20Z","404",""
"/fiesta-tematica-de-los-80/fiestas-tematicas-de-los-80/","http://ltndj.com/fiesta-tematica-de-los-80/fiestas-tematicas-de-los-80/","2017-05-25T21:20:21Z","404",""
"/dj-minitecas-precios-en-bogota/fiestas-tematicas-en-bogota/","http://ltndj.com/dj-minitecas-precios-en-bogota/fiestas-tematicas-en-bogota/","2017-05-25T21:20:21Z","404",""
"/dj-minitecas-precios-en-bogota/fiestas-en-bogota/","http://ltndj.com/dj-minitecas-precios-en-bogota/fiestas-en-bogota/","2017-05-25T21:20:22Z","404",""
"/dj-minitecas-precios-en-bogota/alquiler-de-luces-para-eventos-en-bogota/","http://ltndj.com/dj-minitecas-precios-en-bogota/alquiler-de-luces-para-eventos-en-bogota/","2017-05-25T21:20:23Z","404",""
"/dj-minitecas-precios-en-bogota/alquiler-de-sonido-e-iluminacion/","http://ltndj.com/dj-minitecas-precios-en-bogota/alquiler-de-sonido-e-iluminacion/","2017-05-25T21:20:24Z","404",""
"/dj-minitecas-precios-en-bogota/organizacion-de-eventos-bogota-2/","http://ltndj.com/dj-minitecas-precios-en-bogota/organizacion-de-eventos-bogota-2/","2017-05-25T21:20:25Z","404",""
"/dj-minitecas-precios-en-bogota/eventos-en-bogota/","http://ltndj.com/dj-minitecas-precios-en-bogota/eventos-en-bogota/","2017-05-25T21:20:25Z","404",""
"/dj-minitecas-precios-en-bogota/luces-para-eventos-sociales/","http://ltndj.com/dj-minitecas-precios-en-bogota/luces-para-eventos-sociales/","2017-05-25T21:20:27Z","404",""
"/dj-minitecas-precios-en-bogota/renta-de-luces-para-fiestas/","http://ltndj.com/dj-minitecas-precios-en-bogota/renta-de-luces-para-fiestas/","2017-05-25T17:18:00Z","404",""
"/dj-minitecas-precios-en-bogota/viejotecas-en-bogota/","http://ltndj.com/dj-minitecas-precios-en-bogota/viejotecas-en-bogota/","2017-05-25T17:18:00Z","404",""
"/eventos-empresariales-bogota/","http://ltndj.com/eventos-empresariales-bogota/","2017-05-25T17:17:59Z","404",""
"/dj-minitecas-precios-en-bogota/fiestas-de-fin-de-ano-empresariales-bogota/","http://ltndj.com/dj-minitecas-precios-en-bogota/fiestas-de-fin-de-ano-empresariales-bogota/","2017-05-25T17:17:44Z","404",""
"/home-party-bogota/fiestas-en-casa-home-party/","http://ltndj.com/home-party-bogota/fiestas-en-casa-home-party/","2017-06-08T15:03:49Z","404",""
"/home-party-bogota/alquiler-de-luces-y-sonido-para-fiestas-home/","http://ltndj.com/home-party-bogota/alquiler-de-luces-y-sonido-para-fiestas-home/","2017-06-08T15:04:02Z","404",""
"/home-party-bogota/fiestas-de-complean%cc%83os-home-2/","http://ltndj.com/home-party-bogota/fiestas-de-complean%cc%83os-home-2/","2017-06-08T15:04:13Z","404",""
"/home-party-bogota/home-party-en-casa/","http://ltndj.com/home-party-bogota/home-party-en-casa/","2017-06-08T15:04:22Z","404",""
"/home-party-bogota/fiestas-y-eventos-home-party-2/","http://ltndj.com/home-party-bogota/fiestas-y-eventos-home-party-2/","2017-06-08T15:03:14Z","404",""
"/home-27/fiestas-home-party-en-bogota/","http://ltndj.com/home-27/fiestas-home-party-en-bogota/","2017-06-08T15:04:33Z","404",""
"/home-27/home-party-bogota-3/","http://ltndj.com/home-27/home-party-bogota-3/","2017-06-08T15:04:43Z","404",""
"/oboticario/","http://ltndj.com/oboticario/","2017-06-08T15:04:44Z","404",""
"/evento-oboticario/","http://ltndj.com/evento-oboticario/","2017-05-19T14:23:26Z","404",""
"/alquiler-de-ordenadores-de-fila-en-bogota/","http://ltndj.com/alquiler-de-ordenadores-de-fila-en-bogota/","2016-11-16T21:24:20Z","404",""
"/alquiler-de-pantalla-led-pitch-en-bogota-2/","http://ltndj.com/alquiler-de-pantalla-led-pitch-en-bogota-2/","2017-06-08T21:35:18Z","404",""
"/alquiler-de-pantalla-led-pitch-para-eventos-2/","http://ltndj.com/alquiler-de-pantalla-led-pitch-para-eventos-2/","2017-06-08T21:35:35Z","404",""
"/alquiler-de-pantalla-led-pitch-2/","http://ltndj.com/alquiler-de-pantalla-led-pitch-2/","2017-06-08T21:36:08Z","404",""
"/alquiler-de-pantallas-led-en-bogota-2/","http://ltndj.com/alquiler-de-pantallas-led-en-bogota-2/","2017-06-08T21:37:41Z","404",""
"/alquiler-de-pantallas-en-bogota-2/","http://ltndj.com/alquiler-de-pantallas-en-bogota-2/","2017-06-08T21:37:08Z","404",""
"/alquiler-de-pantalla-led-full-hd-2/","http://ltndj.com/alquiler-de-pantalla-led-full-hd-2/","2017-06-08T21:37:52Z","404",""
"/alquiler-video-wall-para-eventos-en-bogota/","http://ltndj.com/alquiler-video-wall-para-eventos-en-bogota/","2017-06-08T21:38:10Z","404",""
"/videowall-alquiler-en-bogota-2/","http://ltndj.com/videowall-alquiler-en-bogota-2/","2017-06-08T21:38:18Z","404",""
"/productos/alquiler-de-efecto-lanzallamas-bogota/alquiler-de-lanzallamas-para-eventos-en-bogota/","http://ltndj.com/productos/alquiler-de-efecto-lanzallamas-bogota/alquiler-de-lanzallamas-para-eventos-en-bogota/","2017-06-08T21:38:20Z","404",""
"/productos/alquiler-canon-venturi/ventury-en-alquiler-para-fiestas-en-bogota/","http://ltndj.com/productos/alquiler-canon-venturi/ventury-en-alquiler-para-fiestas-en-bogota/","2016-10-19T20:18:56Z","404",""
"/productos/alquiler-canon-venturi/alquiler-de-explosion-ventury-bogota/","http://ltndj.com/productos/alquiler-canon-venturi/alquiler-de-explosion-ventury-bogota/","2016-10-19T20:18:51Z","404",""
"/productos/alquiler-de-cabinas-y-bajos-para-eventos-en-bogota/alquiler-de-sonido-para-fiestas-en-bogota/","http://ltndj.com/productos/alquiler-de-cabinas-y-bajos-para-eventos-en-bogota/alquiler-de-sonido-para-fiestas-en-bogota/","2016-10-19T20:18:46Z","404",""
"/productos/alquiler-de-cabinas-y-bajos-para-eventos-en-bogota/alquiler-de-bajo-para-eventos-en-bogota/","http://ltndj.com/productos/alquiler-de-cabinas-y-bajos-para-eventos-en-bogota/alquiler-de-bajo-para-eventos-en-bogota/","2016-10-19T20:18:42Z","404",""
"/productos/alquiler-de-consola-para-eventos-bogota/alquiler-de-controladores-para-eventos/","http://ltndj.com/productos/alquiler-de-consola-para-eventos-bogota/alquiler-de-controladores-para-eventos/","2016-10-18T18:05:32Z","404",""
"/productos/alquiler-de-cabinas-y-bajos-para-eventos-en-bogota/cabinas-en-alquiler-para-eventos-bogota/","http://ltndj.com/productos/alquiler-de-cabinas-y-bajos-para-eventos-en-bogota/cabinas-en-alquiler-para-eventos-bogota/","2016-10-19T20:18:36Z","404",""
"/productos/sistema-bose-l1-compact/alquiler-de-equipo-de-sonido/","http://ltndj.com/productos/sistema-bose-l1-compact/alquiler-de-equipo-de-sonido/","2016-10-18T17:40:07Z","404",""
"/productos/alquiler-de-equipos-de-sonido-bogota/alquiler-de-equipos-para-eventos-en-bogota/","http://ltndj.com/productos/alquiler-de-equipos-de-sonido-bogota/alquiler-de-equipos-para-eventos-en-bogota/","2016-10-18T17:31:37Z","404",""
"/home-party-fiestas-y-eventos-bogota/","http://ltndj.com/home-party-fiestas-y-eventos-bogota/","2016-09-06T21:21:28Z","404",""
"/home-party-bogota-2/","http://ltndj.com/home-party-bogota-2/","2016-09-06T21:21:32Z","404",""
"/fiestas-y-eventos-home-party/","http://ltndj.com/fiestas-y-eventos-home-party/","2016-09-06T21:21:37Z","404",""
"/eventos-home-party-2/","http://ltndj.com/eventos-home-party-2/","2016-09-06T21:21:39Z","404",""
"/imprimir-9/","http://ltndj.com/imprimir-9/","2016-09-06T21:21:53Z","404",""
"/imprimir-8/","http://ltndj.com/imprimir-8/","2016-09-06T21:22:05Z","404",""
"/imprimir-7/","http://ltndj.com/imprimir-7/","2016-09-06T21:22:22Z","404",""
"/imprimir-6/","http://ltndj.com/imprimir-6/","2016-09-06T21:22:38Z","404",""
"/imprimir-5/","http://ltndj.com/imprimir-5/","2016-09-06T21:22:54Z","404",""
"/imprimir-4/","http://ltndj.com/imprimir-4/","2016-09-06T21:23:11Z","404",""
"/imprimir-3/","http://ltndj.com/imprimir-3/","2016-09-06T21:23:14Z","404",""
"/home-party-bogota/fiestas-a-domicilio/","http://ltndj.com/home-party-bogota/fiestas-a-domicilio/","2016-09-06T21:23:26Z","404",""
"/home-party-bogota/chivas-home-y-night-party-colombia/","http://ltndj.com/home-party-bogota/chivas-home-y-night-party-colombia/","2016-08-12T18:07:26Z","404",""
"/home-party-bogota/chivas-home-party-bogota/","http://ltndj.com/home-party-bogota/chivas-home-party-bogota/","2016-09-06T14:05:29Z","404",""
"/cropped-logo-ltndj-1-jpg/","http://ltndj.com/cropped-logo-ltndj-1-jpg/","2016-08-12T16:31:45Z","404",""
"/lgallery02-600x600/","http://ltndj.com/lgallery02-600x600/","2016-08-24T20:05:13Z","404",""
"/gallery07-600x600/","http://ltndj.com/gallery07-600x600/","2016-08-24T20:05:17Z","404",""
"/gallery06-600x600/","http://ltndj.com/gallery06-600x600/","2016-08-24T20:05:02Z","404",""
"/gallery05-600x600/","http://ltndj.com/gallery05-600x600/","2016-08-24T20:06:22Z","404",""
"/gallery04-600x600/","http://ltndj.com/gallery04-600x600/","2016-08-24T20:06:28Z","404",""
"/gallery03-600x600/","http://ltndj.com/gallery03-600x600/","2017-05-19T15:18:57Z","404",""
"/gallery02-600x600/","http://ltndj.com/gallery02-600x600/","2016-08-24T20:07:10Z","404",""
"/gallery01-600x600/","http://ltndj.com/gallery01-600x600/","2016-08-24T20:07:20Z","404",""
"/productos/sillas-tyffanny-plata/sillas-tiffany/","http://ltndj.com/productos/sillas-tyffanny-plata/sillas-tiffany/","2016-08-12T13:26:14Z","404",""
"/productos/tablones-con-lycras/tablones-para-eventos/","http://ltndj.com/productos/tablones-con-lycras/tablones-para-eventos/","2016-10-25T16:18:07Z","404",""
"/productos/tablones-con-lycras/mesa-de-coctel-tapa-en-vidrio/","http://ltndj.com/productos/tablones-con-lycras/mesa-de-coctel-tapa-en-vidrio/","2016-10-25T16:18:05Z","404",""
"/productos/mesa-coctelera-con-mantel-mon%cc%83o/mesas-para-eventos/","http://ltndj.com/productos/mesa-coctelera-con-mantel-mon%cc%83o/mesas-para-eventos/","2016-10-25T16:18:03Z","404",""
"/productos/mesa-coctelera-con-lycra/mesa-con-lycra-2/","http://ltndj.com/productos/mesa-coctelera-con-lycra/mesa-con-lycra-2/","2016-10-25T16:18:01Z","404",""
"/sofa-lounge-milan/","http://ltndj.com/sofa-lounge-milan/","2016-10-25T16:17:54Z","404",""
"/sofa-lounge-damasco/","http://ltndj.com/sofa-lounge-damasco/","2016-10-25T16:17:56Z","404",""
"/sofa-lounge-andalucia/","http://ltndj.com/sofa-lounge-andalucia/","2016-10-25T16:17:58Z","404",""
"/sillas-para-alquiler/","http://ltndj.com/sillas-para-alquiler/","2016-10-25T16:18:10Z","404",""
"/silla-para-conciertos/","http://ltndj.com/silla-para-conciertos/","2016-10-25T16:18:12Z","404",""
"/silla-gerencial-alquiler-en-bogota/","http://ltndj.com/silla-gerencial-alquiler-en-bogota/","2016-10-25T16:18:14Z","404",""
"/silla-de-coctel/","http://ltndj.com/silla-de-coctel/","2016-08-12T13:25:05Z","404",""
"/separadores-de-fila-en-bogota/","http://ltndj.com/separadores-de-fila-en-bogota/","2016-10-25T16:18:16Z","404",""
"/puff-triple-lounge/","http://ltndj.com/puff-triple-lounge/","2016-08-12T13:24:31Z","404",""
"/puff-lounge/","http://ltndj.com/puff-lounge/","2016-08-12T13:24:10Z","404",""
"/poltronas/","http://ltndj.com/poltronas/","2016-08-12T13:24:02Z","404",""
"/poltrona-giratoria/","http://ltndj.com/poltrona-giratoria/","2016-08-12T13:23:38Z","404",""
"/mesa-de-coctelera-con-lycra/","http://ltndj.com/mesa-de-coctelera-con-lycra/","2017-05-19T15:18:53Z","404",""
"/mesa-de-coctel/","http://ltndj.com/mesa-de-coctel/","2017-05-19T14:53:35Z","404",""
"/cheilon-roma-lounge/","http://ltndj.com/cheilon-roma-lounge/","2016-10-25T16:18:22Z","404",""
"/cheilon-atena-lounge/","http://ltndj.com/cheilon-atena-lounge/","2016-10-25T16:18:24Z","404",""
"/barras/","http://ltndj.com/barras/","2016-08-12T15:25:17Z","404",""
"/barras-para-eventos/","http://ltndj.com/barras-para-eventos/","2016-08-12T13:21:57Z","404",""
"/sala-lounge-damasco/","http://ltndj.com/sala-lounge-damasco/","2016-08-12T13:21:52Z","404",""
"/sala-lounge-andalucia/","http://ltndj.com/sala-lounge-andalucia/","2016-10-25T16:18:30Z","404",""
"/sala-lounge-milan/","http://ltndj.com/sala-lounge-milan/","2016-10-25T16:18:27Z","404",""
"/consola-8-canales-2/","http://ltndj.com/consola-8-canales-2/","2016-08-12T13:21:17Z","404",""
"/productos/alquiler-de-estructuras-para-eventos/tramos-truss/","http://ltndj.com/productos/alquiler-de-estructuras-para-eventos/tramos-truss/","2016-08-12T13:21:15Z","404",""
"/cabina-rcf-art-525/","http://ltndj.com/cabina-rcf-art-525/","2016-08-12T13:21:11Z","404",""
"/estructuratruss/","http://ltndj.com/estructuratruss/","2016-08-12T13:21:08Z","404",""
"/elevadores/","http://ltndj.com/elevadores/","2016-08-12T13:21:06Z","404",""
"/control-dmx-2/","http://ltndj.com/control-dmx-2/","2016-08-12T13:20:51Z","404",""
"/productos/alquiler-de-cortinas-led-bogota/cortina-de-led-2/","http://ltndj.com/productos/alquiler-de-cortinas-led-bogota/cortina-de-led-2/","2016-08-12T13:20:41Z","404",""
"/productos/alquiler-de-maquina-de-humo-bogota/maquina-de-humo-para-fiestas/","http://ltndj.com/productos/alquiler-de-maquina-de-humo-bogota/maquina-de-humo-para-fiestas/","2016-08-12T13:20:31Z","404",""
"/productos/alquiler-de-equipos-de-laser-para-eventos/maquina-de-humo-latin-dj/","http://ltndj.com/productos/alquiler-de-equipos-de-laser-para-eventos/maquina-de-humo-latin-dj/","2016-08-12T13:20:28Z","404",""
"/productos/alquiler-de-luces-par-led-bogota/iluminacion-para-eventos/","http://ltndj.com/productos/alquiler-de-luces-par-led-bogota/iluminacion-para-eventos/","2016-08-12T13:20:25Z","404",""
"/productos/alquiler-de-cabezas-moviles-para-eventos/par-led-64/","http://ltndj.com/productos/alquiler-de-cabezas-moviles-para-eventos/par-led-64/","2016-08-12T13:20:23Z","404",""
"/consola-para-eventos-2/","http://ltndj.com/consola-para-eventos-2/","2016-08-12T13:20:19Z","404",""
"/bajos-para-eventos-2/","http://ltndj.com/bajos-para-eventos-2/","2016-08-12T13:20:17Z","404",""
"/cabezas-moviles-para-eventos/","http://ltndj.com/cabezas-moviles-para-eventos/","2016-08-12T13:20:16Z","404",""
"/sonido-en-alquiler-latin-dj/","http://ltndj.com/sonido-en-alquiler-latin-dj/","2016-08-12T13:20:13Z","404",""
"/sonido-latin-dj/","http://ltndj.com/sonido-latin-dj/","2016-08-12T13:20:11Z","404",""
"/alquiler-de-sonido-para-eventos/","http://ltndj.com/alquiler-de-sonido-para-eventos/","2016-08-12T13:20:01Z","404",""
"/alquiler-de-sonido/","http://ltndj.com/alquiler-de-sonido/","2016-08-12T13:19:59Z","404",""
"/alquiler-de-luces-en-bogota/","http://ltndj.com/alquiler-de-luces-en-bogota/","2016-09-06T15:36:29Z","404",""
"/alpina-2/","http://ltndj.com/alpina-2/","2016-09-05T20:23:35Z","404",""
"/alpina-eventos/","http://ltndj.com/alpina-eventos/","2016-08-09T15:08:14Z","404",""
"/kenworth-de-la-montana/","http://ltndj.com/kenworth-de-la-montana/","2016-08-09T15:08:18Z","404",""
"/porvenirlogo/","http://ltndj.com/porvenirlogo/","2016-08-09T15:08:22Z","404",""
"/porvenir/","http://ltndj.com/porvenir/","2016-08-09T15:08:27Z","404",""
"/natura/","http://ltndj.com/natura/","2016-08-09T15:08:33Z","404",""
"/eventos-natura/","http://ltndj.com/eventos-natura/","2016-08-09T15:08:37Z","404",""
"/bancooccidente/","http://ltndj.com/bancooccidente/","2016-08-09T15:08:41Z","404",""
"/banco-occidente/","http://ltndj.com/banco-occidente/","2016-08-09T15:08:47Z","404",""
"/uniagustiniana/","http://ltndj.com/uniagustiniana/","2016-08-09T15:09:00Z","404",""
"/uni-agustiniana/","http://ltndj.com/uni-agustiniana/","2016-08-09T15:09:05Z","404",""
"/phoenix/","http://ltndj.com/phoenix/","2016-08-09T15:09:09Z","404",""
"/grupo-phoenix/","http://ltndj.com/grupo-phoenix/","2016-08-09T15:09:14Z","404",""
"/externado/","http://ltndj.com/externado/","2016-08-12T13:28:49Z","404",""
"/externado-de-colombia/","http://ltndj.com/externado-de-colombia/","2016-08-09T15:09:22Z","404",""
"/kenworth/","http://ltndj.com/kenworth/","2016-08-09T15:09:28Z","404",""
"/logo-ltndj/","http://ltndj.com/logo-ltndj/","2016-08-24T19:59:40Z","404",""
"/cropped-logo-latindj-140x140-1-png/","http://ltndj.com/cropped-logo-latindj-140x140-1-png/","2016-08-24T19:59:37Z","200",""
"/logo-latindj-140x140-1/","http://ltndj.com/logo-latindj-140x140-1/","2016-08-24T19:59:24Z","200",""
"/logo-ltndj-1/","http://ltndj.com/logo-ltndj-1/","2016-08-24T19:59:19Z","404",""
"/videobanner-4-1/","http://ltndj.com/videobanner-4-1/","2017-05-18T20:39:20Z","404",""
"/80s/","http://ltndj.com/80s/","2017-05-18T20:39:00Z","404",""
"/bannerpasabordo/","http://ltndj.com/bannerpasabordo/","2017-05-18T20:38:44Z","404",""
"/secuencia-01_2-2/","http://ltndj.com/secuencia-01_2-2/","2016-09-08T14:38:13Z","404",""