"carpeta","orden","archivo","url_original","alt","ancho","alto"
"inicio","1","cropped-logo-latindj-140x140-1.png","https://ltndj.com/wp-content/uploads/2018/03/cropped-logo-latindj-140x140-1.png","","512","512"
"inicio","2","cropped-logo-latin-dj.png","https://ltndj.com/wp-content/uploads/2018/03/cropped-Logo-Latin-DJ.png","Logo Latin DJ","200","95"
"inicio","3","alquiler-de-tarimas-y-pisos-para-eventos.jpg","https://ltndj.com/wp-content/uploads/2023/12/alquiler-de-tarimas-y-pisos-para-eventos.jpg","alquiler de tarimas y pisos para eventos","700","450"
"inicio","4","alquiler-de-pantallas-para-eventos-bogota.jpg","https://ltndj.com/wp-content/uploads/2023/12/alquiler-de-pantallas-para-eventos-bogota.jpg","alquiler de pantallas para eventos bogota","700","450"
"inicio","5","alquiler-de-sillas-para-conferencias-en-bogota.jpg","https://ltndj.com/wp-content/uploads/2023/12/Alquiler-de-sillas-para-conferencias-en-bogota.jpg","Alquiler de sillas para conferencias en bogota","700","450"
"inicio","6","sala-lounge-para-eventos-en-bogota.jpg","https://ltndj.com/wp-content/uploads/2023/12/sala-lounge-para-eventos-en-bogota.jpg","sala lounge para eventos en bogota","700","450"
"inicio","7","renta-salas-en-madera-eventos-bogota.jpg","https://ltndj.com/wp-content/uploads/2023/12/renta-salas-en-madera-eventos-bogota.jpg","renta salas en madera eventos bogota","700","450"
"inicio","8","alquiler-de-mesas-en-bogota.jpg","https://ltndj.com/wp-content/uploads/2023/12/alquiler-de-mesas-en-bogota.jpg","alquiler de mesas en bogota","700","450"
"inicio","9","alquiler-de-mesas-y-sillas-en-madera-bogota.jpg","https://ltndj.com/wp-content/uploads/2023/12/alquiler-de-mesas-y-sillas-en-madera-bogota.jpg","alquiler de mesas y sillas en madera bogota","700","450"
"inicio","10","alquiler-de-tarimas-y-pisos-para-eventos.webp","https://ltndj.com/wp-content/uploads/2024/07/alquiler-de-tarimas-y-pisos-para-eventos.webp","alquiler de tarimas y pisos para eventos","700","450"
"inicio","11","alquiler-de-salas-rusticas-para-eventos-en-bogota.jpg","https://ltndj.com/wp-content/uploads/2023/05/Alquiler-de-salas-rusticas-para-eventos-en-bogota.jpg","Alquiler de salas rusticas para eventos en bogota","700","450"
"inicio","12","sonido-e-iluminacion-para-eventos.jpg","https://ltndj.com/wp-content/uploads/2023/12/sonido-e-iluminacion-para-eventos.jpg","sonido e iluminación para eventos","700","450"
"mobiliario-lounge","1","cropped-logo-latindj-140x140-1.png","https://ltndj.com/wp-content/uploads/2018/03/cropped-logo-latindj-140x140-1.png","","512","512"
"mobiliario-lounge","2","logo-latin-dj.png","https://ltndj.com/wp-content/uploads/2019/12/Logo-Latin-DJ.png","Logo Latin DJ","2945","1411"
"mobiliario-lounge","3","alquiler-de-sala-lounge-para-eventos-en-bogota.jpg","https://ltndj.com/wp-content/uploads/2023/12/alquiler-de-sala-lounge-para-eventos-en-bogota.jpg","alquiler de sala lounge para eventos en bogota","700","450"
"mobiliario-lounge","4","salas-negras-para-eventos-bogota.jpg","https://ltndj.com/wp-content/uploads/2023/12/Salas-negras-para-eventos-bogota.jpg","Salas negras para eventos bogota","700","450"
"mobiliario-lounge","5","alquiler-de-poltrona-para-eventos-en-bogota.jpg","https://ltndj.com/wp-content/uploads/2023/12/alquiler-de-poltrona-para-eventos-en-bogota.jpg","alquiler de poltrona para eventos en bogota","700","450"
"mobiliario-lounge","6","alquiler-de-tablones-con-lycra-para-eventos.jpg","https://ltndj.com/wp-content/uploads/2023/12/alquiler-de-tablones-con-lycra-para-eventos.jpg","alquiler de tablones con lycra para eventos","700","450"
"mobiliario-lounge","7","mesas-y-sillas-para-eventos-en-bogota.jpg","https://ltndj.com/wp-content/uploads/2023/12/mesas-y-sillas-para-eventos-en-bogota.jpg","mesas y sillas para eventos en bogota","700","450"
"mobiliario-lounge","8","mesa-alta-para-eventos-en-bogota.jpg","https://ltndj.com/wp-content/uploads/2023/12/mesa-alta-para-eventos-en-bogota.jpg","mesa alta para eventos en bogota","700","450"
"mobiliario-lounge","9","manteles-para-eventos-en-bogota.jpg","https://ltndj.com/wp-content/uploads/2023/12/manteles-para-eventos-en-bogota.jpg","manteles para eventos en bogota","700","450"
"mobiliario-lounge","10","alquiler-de-sala-para-eventos-en-bogota.jpg","https://ltndj.com/wp-content/uploads/2023/12/alquiler-de-sala-para-eventos-en-bogota.jpg","alquiler de sala para eventos en bogota","700","450"
"mobiliario-lounge","11","alquiler-de-sala-negra-para-eventos.jpg","https://ltndj.com/wp-content/uploads/2023/12/alquiler-de-sala-negra-para-eventos.jpg","alquiler de sala negra para eventos","700","450"
"mobiliario-lounge","12","portrona-para-eventos-en-bogota.jpg","https://ltndj.com/wp-content/uploads/2023/12/portrona-para-eventos-en-bogota.jpg","portrona para eventos en bogota","700","450"
"mobiliario-lounge","13","alquiler-de-tablones-para-eventos-en-bogota.jpg","https://ltndj.com/wp-content/uploads/2023/12/alquiler-de-tablones-para-eventos-en-bogota.jpg","alquiler de tablones para eventos en bogota","700","450"
"mobiliario-lounge","14","alquiler-de-mesas-en-bogota.jpg","https://ltndj.com/wp-content/uploads/2023/12/alquiler-de-mesas-en-bogota.jpg","alquiler de mesas en bogota","700","450"
"mobiliario-lounge","15","alquiler-de-mesas-altas-para-eventos.jpg","https://ltndj.com/wp-content/uploads/2023/12/alquiler-de-mesas-altas-para-eventos.jpg","alquiler de mesas altas para eventos","700","450"
"mobiliario-lounge","16","mesa-redonda-para-eventos-en-bogota.jpg","https://ltndj.com/wp-content/uploads/2023/12/mesa-redonda-para-eventos-en-bogota.jpg","mesa redonda para eventos en bogota","700","450"
"mobiliario-lounge","17","sala-lounge-para-eventos-en-bogota.jpg","https://ltndj.com/wp-content/uploads/2023/12/sala-lounge-para-eventos-en-bogota.jpg","sala lounge para eventos en bogota","700","450"
"mobiliario-lounge","18","alquiler-de-sala-lounge-en-bogota.jpg","https://ltndj.com/wp-content/uploads/2023/12/Alquiler-de-sala-lounge-en-bogota.jpg","Alquiler de sala lounge en bogota","700","450"
"mobiliario-lounge","19","poltronas-para-eventos-en-bogota.jpg","https://ltndj.com/wp-content/uploads/2023/12/poltronas-para-eventos-en-bogota.jpg","poltronas para eventos en bogota","700","450"
"mobiliario-lounge","20","tablones-con-lycra-para-eventos-en-bogota.jpg","https://ltndj.com/wp-content/uploads/2023/12/Tablones-con-lycra-para-eventos-en-bogota.jpg","Tablones con lycra para eventos en bogota","700","450"
"mobiliario-lounge","21","alquiler-de-mesas-y-sillas-para-eventos.jpg","https://ltndj.com/wp-content/uploads/2023/12/alquiler-de-mesas-y-sillas-para-eventos.jpg","alquiler de mesas y sillas para eventos","700","450"
"mobiliario-lounge","22","alquiler-de-mesas-con-mantel-para-eventos.jpg","https://ltndj.com/wp-content/uploads/2023/12/alquiler-de-mesas-con-mantel-para-eventos.jpg","alquiler de mesas con mantel para eventos","700","450"
"mobiliario-lounge","23","alquiler-de-sillas-tiffany-para-eventos.jpg","https://ltndj.com/wp-content/uploads/2023/12/alquiler-de-sillas-tiffany-para-eventos.jpg","alquiler de sillas tiffany para eventos","700","450"
"mobiliario-lounge","24","alquiler-de-televisores-para-eventos-en-bogota.jpg","https://ltndj.com/wp-content/uploads/2023/05/alquiler-de-televisores-para-eventos-en-bogota.jpg","alquiler de televisores para eventos en bogota","700","450"
"mobiliario-lounge","25","alquiler-de-mesas-y-sillas-en-madera-bogota.jpg","https://ltndj.com/wp-content/uploads/2023/12/alquiler-de-mesas-y-sillas-en-madera-bogota.jpg","alquiler de mesas y sillas en madera bogota","700","450"
"mobiliario-lounge","26","alquiler-de-mobiliario-led-para-eventos.jpg","https://ltndj.com/wp-content/uploads/2023/05/alquiler-de-mobiliario-led-para-eventos.jpg","alquiler de mobiliario led para eventos","700","450"
"mobiliario-lounge","27","alquiler-de-mesas-para-eventos-en-bogota.jpg","https://ltndj.com/wp-content/uploads/2023/05/alquiler-de-mesas-para-eventos-en-bogota.jpg","alquiler de mesas para eventos en bogota","700","450"
"mobiliario-lounge","28","cropped-logo-latin-dj.png","https://ltndj.com/wp-content/uploads/2018/03/cropped-Logo-Latin-DJ.png","Logo Latin DJ","200","95"
"mobiliario-rustico","1","cropped-logo-latindj-140x140-1.png","https://ltndj.com/wp-content/uploads/2018/03/cropped-logo-latindj-140x140-1.png","","512","512"
"mobiliario-rustico","2","logo-latin-dj.png","https://ltndj.com/wp-content/uploads/2019/12/Logo-Latin-DJ.png","Logo Latin DJ","2945","1411"
"mobiliario-rustico","3","alquiler-de-salas-en-madera.jpg","https://ltndj.com/wp-content/uploads/2023/12/alquiler-de-salas-en-madera.jpg","alquiler de salas en madera","700","450"
"mobiliario-rustico","4","renta-salas-en-madera-eventos-bogota.jpg","https://ltndj.com/wp-content/uploads/2023/12/renta-salas-en-madera-eventos-bogota.jpg","renta salas en madera eventos bogota","700","450"
"mobiliario-rustico","5","alquiler-de-salas-bogota.jpg","https://ltndj.com/wp-content/uploads/2023/12/alquiler-de-salas-bogota.jpg","alquiler de salas bogota","700","450"
"mobiliario-rustico","6","alquiler-de-salas-rusticas-para-eventos-en-bogota.jpg","https://ltndj.com/wp-content/uploads/2023/05/Alquiler-de-salas-rusticas-para-eventos-en-bogota.jpg","Alquiler de salas rusticas para eventos en bogota","700","450"
"mobiliario-rustico","7","renta-de-salas-en-madera-en-bogota.jpg","https://ltndj.com/wp-content/uploads/2023/12/renta-de-salas-en-madera-en-bogota.jpg","renta de salas en madera en bogota","700","450"
"mobiliario-rustico","8","alquiler-de-salas-rusticas.jpg","https://ltndj.com/wp-content/uploads/2023/12/alquiler-de-salas-rusticas.jpg","alquiler de salas rusticas","700","450"
"mobiliario-rustico","9","salas-rusticas-para-fiestas-.jpg","https://ltndj.com/wp-content/uploads/2023/12/salas-rusticas-para-fiestas-.jpg","salas rusticas para fiestas","700","450"
"mobiliario-rustico","10","salas-en-madera-eventos-bogota.jpg","https://ltndj.com/wp-content/uploads/2023/12/salas-en-madera-eventos-bogota.jpg","salas en madera eventos bogota","700","450"
"mobiliario-rustico","11","salas-rusticas-para-fiestas-1-1.jpg","https://ltndj.com/wp-content/uploads/2023/12/salas-rusticas-para-fiestas-1-1.jpg","salas rusticas para fiestas","700","450"
"mobiliario-rustico","12","alquiler-de-televisores-para-eventos-en-bogota.jpg","https://ltndj.com/wp-content/uploads/2023/05/alquiler-de-televisores-para-eventos-en-bogota.jpg","alquiler de televisores para eventos en bogota","700","450"
"mobiliario-rustico","13","alquiler-de-mesas-y-sillas-en-madera-bogota.jpg","https://ltndj.com/wp-content/uploads/2023/12/alquiler-de-mesas-y-sillas-en-madera-bogota.jpg","alquiler de mesas y sillas en madera bogota","700","450"
"mobiliario-rustico","14","alquiler-de-mobiliario-led-para-eventos.jpg","https://ltndj.com/wp-content/uploads/2023/05/alquiler-de-mobiliario-led-para-eventos.jpg","alquiler de mobiliario led para eventos","700","450"
"mobiliario-rustico","15","alquiler-de-mesas-con-mantel-para-eventos.jpg","https://ltndj.com/wp-content/uploads/2023/12/alquiler-de-mesas-con-mantel-para-eventos.jpg","alquiler de mesas con mantel para eventos","700","450"
"mobiliario-rustico","16","alquiler-de-mesas-para-eventos-en-bogota.jpg","https://ltndj.com/wp-content/uploads/2023/05/alquiler-de-mesas-para-eventos-en-bogota.jpg","alquiler de mesas para eventos en bogota","700","450"
"mobiliario-rustico","17","cropped-logo-latin-dj.png","https://ltndj.com/wp-content/uploads/2018/03/cropped-Logo-Latin-DJ.png","Logo Latin DJ","200","95"
"sillas-y-mesas","1","cropped-logo-latindj-140x140-1.png","https://ltndj.com/wp-content/uploads/2018/03/cropped-logo-latindj-140x140-1.png","","512","512"
"sillas-y-mesas","2","cropped-logo-latin-dj.png","https://ltndj.com/wp-content/uploads/2018/03/cropped-Logo-Latin-DJ.png","Logo Latin DJ","200","95"
"sillas-y-mesas","3","logo-latin-dj.png","https://ltndj.com/wp-content/uploads/2019/12/Logo-Latin-DJ.png","Logo Latin DJ","2945","1411"
"sillas-y-mesas","4","mesas-y-sillas-para-eventos-en-bogota.jpg","https://ltndj.com/wp-content/uploads/2023/12/mesas-y-sillas-para-eventos-en-bogota.jpg","mesas y sillas para eventos en bogota","700","450"
"sillas-y-mesas","5","mesa-alta-para-eventos-en-bogota.jpg","https://ltndj.com/wp-content/uploads/2023/12/mesa-alta-para-eventos-en-bogota.jpg","mesa alta para eventos en bogota","700","450"
"sillas-y-mesas","6","manteles-para-eventos-en-bogota.jpg","https://ltndj.com/wp-content/uploads/2023/12/manteles-para-eventos-en-bogota.jpg","manteles para eventos en bogota","700","450"
"sillas-y-mesas","7","alquiler-de-mesas-en-bogota.jpg","https://ltndj.com/wp-content/uploads/2023/12/alquiler-de-mesas-en-bogota.jpg","alquiler de mesas en bogota","700","450"
"sillas-y-mesas","8","alquiler-de-mesas-altas-para-eventos.jpg","https://ltndj.com/wp-content/uploads/2023/12/alquiler-de-mesas-altas-para-eventos.jpg","alquiler de mesas altas para eventos","700","450"
"sillas-y-mesas","9","mesa-redonda-para-eventos-en-bogota.jpg","https://ltndj.com/wp-content/uploads/2023/12/mesa-redonda-para-eventos-en-bogota.jpg","mesa redonda para eventos en bogota","700","450"
"sillas-y-mesas","10","alquiler-de-mesas-y-sillas-para-eventos.jpg","https://ltndj.com/wp-content/uploads/2023/12/alquiler-de-mesas-y-sillas-para-eventos.jpg","alquiler de mesas y sillas para eventos","700","450"
"sillas-y-mesas","11","alquiler-de-mesas-con-mantel-para-eventos.jpg","https://ltndj.com/wp-content/uploads/2023/12/alquiler-de-mesas-con-mantel-para-eventos.jpg","alquiler de mesas con mantel para eventos","700","450"
"sillas-y-mesas","12","alquiler-de-sillas-tiffany-para-eventos.jpg","https://ltndj.com/wp-content/uploads/2023/12/alquiler-de-sillas-tiffany-para-eventos.jpg","alquiler de sillas tiffany para eventos","700","450"
"sillas-y-mesas","13","alquiler-de-televisores-para-eventos-en-bogota.jpg","https://ltndj.com/wp-content/uploads/2023/05/alquiler-de-televisores-para-eventos-en-bogota.jpg","alquiler de televisores para eventos en bogota","700","450"
"sillas-y-mesas","14","alquiler-de-mesas-y-sillas-en-madera-bogota.jpg","https://ltndj.com/wp-content/uploads/2023/12/alquiler-de-mesas-y-sillas-en-madera-bogota.jpg","alquiler de mesas y sillas en madera bogota","700","450"
"sillas-y-mesas","15","alquiler-de-mobiliario-led-para-eventos.jpg","https://ltndj.com/wp-content/uploads/2023/05/alquiler-de-mobiliario-led-para-eventos.jpg","alquiler de mobiliario led para eventos","700","450"
"sillas-y-mesas","16","alquiler-de-mesas-para-eventos-en-bogota.jpg","https://ltndj.com/wp-content/uploads/2023/05/alquiler-de-mesas-para-eventos-en-bogota.jpg","alquiler de mesas para eventos en bogota","700","450"
"videowall","1","cropped-logo-latindj-140x140-1.png","https://ltndj.com/wp-content/uploads/2018/03/cropped-logo-latindj-140x140-1.png","","512","512"
"videowall","2","logo-latin-dj.png","https://ltndj.com/wp-content/uploads/2019/12/Logo-Latin-DJ.png","Logo Latin DJ","2945","1411"
"videowall","3","alquiler-de-pantallas-led.jpg","https://ltndj.com/wp-content/uploads/2023/05/alquiler-de-pantallas-led.jpg","alquiler de pantallas led","700","450"
"videowall","4","alquiler-de-pantallas-para-eventos-bogota.jpg","https://ltndj.com/wp-content/uploads/2023/12/alquiler-de-pantallas-para-eventos-bogota.jpg","alquiler de pantallas para eventos bogota","700","450"
"videowall","5","alquiler-de-pantallas-en-bogota.jpg","https://ltndj.com/wp-content/uploads/2023/05/alquiler-de-pantallas-en-bogota.jpg","alquiler de pantallas en bogota","700","450"
"videowall","6","alquiler-de-pantallas-de-led.jpg","https://ltndj.com/wp-content/uploads/2023/05/alquiler-de-pantallas-de-led.jpg","alquiler de pantallas de led","700","450"
"videowall","7","pantalla-para-eventos.jpg","https://ltndj.com/wp-content/uploads/2023/05/pantalla-para-eventos.jpg","pantalla para eventos","700","450"
"videowall","8","pantallas-led-para-eventos.jpg","https://ltndj.com/wp-content/uploads/2023/05/pantallas-led-para-eventos.jpg","pantallas led para eventos","700","450"
"videowall","9","alquiler-de-video-wall-para-eventos-en-bogota.jpg","https://ltndj.com/wp-content/uploads/2023/12/alquiler-de-video-wall-para-eventos-en-bogota.jpg","alquiler de video wall para eventos en bogota","700","450"
"videowall","10","precio-alquiler-video-wall.jpg","https://ltndj.com/wp-content/uploads/2023/05/precio-alquiler-video-wall.jpg","precio alquiler video wall","700","450"
"videowall","11","video-wall-para-eventos.jpg","https://ltndj.com/wp-content/uploads/2023/05/video-wall-para-eventos.jpg","video wall para eventos","700","450"
"videowall","12","alquiler-de-videowall.jpg","https://ltndj.com/wp-content/uploads/2023/05/alquiler-de-videowall.jpg","alquiler de videowall","700","450"
"videowall","13","videowall-en-alquiler-bogota.jpg","https://ltndj.com/wp-content/uploads/2023/05/videowall-en-alquiler-bogota.jpg","videowall en alquiler bogota","700","450"
"videowall","14","alquiler-de-videowall-para-eventos.jpg","https://ltndj.com/wp-content/uploads/2023/05/alquiler-de-videowall-para-eventos.jpg","alquiler de videowall para eventos","700","450"
"videowall","15","alquiler-de-televisores-para-eventos.jpg","https://ltndj.com/wp-content/uploads/2023/05/Alquiler-de-televisores-para-eventos.jpg","Alquiler de televisores para eventos","700","450"
"videowall","16","alquiler-de-pantallas-bogota.jpg","https://ltndj.com/wp-content/uploads/2023/05/alquiler-de-pantallas-bogota.jpg","alquiler de pantallas bogota","700","450"
"videowall","17","alquiler-televisores-plasma-bogota.jpg","https://ltndj.com/wp-content/uploads/2023/05/alquiler-televisores-plasma-bogota.jpg","alquiler televisores plasma bogota","700","450"
"videowall","18","alquiler-de-televisores-plasmas.jpg","https://ltndj.com/wp-content/uploads/2023/05/alquiler-de-televisores-plasmas.jpg","alquiler de televisores plasmas","700","450"
"videowall","19","alquiler-de-televisores-para-eventos-en-bogota.jpg","https://ltndj.com/wp-content/uploads/2023/05/alquiler-de-televisores-para-eventos-en-bogota.jpg","alquiler de televisores para eventos en bogota","700","450"
"videowall","20","alquiler-de-televisores-para-eventos-bogota.jpg","https://ltndj.com/wp-content/uploads/2023/05/alquiler-de-televisores-para-eventos-bogota.jpg","alquiler de televisores para eventos bogota","700","450"
"videowall","21","sonido-e-iluminacion-para-eventos.jpg","https://ltndj.com/wp-content/uploads/2023/12/sonido-e-iluminacion-para-eventos.jpg","sonido e iluminación para eventos","700","450"
"videowall","22","alquiler-de-mesas-y-sillas-en-madera-bogota.jpg","https://ltndj.com/wp-content/uploads/2023/12/alquiler-de-mesas-y-sillas-en-madera-bogota.jpg","alquiler de mesas y sillas en madera bogota","700","450"
"videowall","23","alquiler-de-mobiliario-led-para-eventos.jpg","https://ltndj.com/wp-content/uploads/2023/05/alquiler-de-mobiliario-led-para-eventos.jpg","alquiler de mobiliario led para eventos","700","450"
"videowall","24","alquiler-de-mesas-con-mantel-para-eventos.jpg","https://ltndj.com/wp-content/uploads/2023/12/alquiler-de-mesas-con-mantel-para-eventos.jpg","alquiler de mesas con mantel para eventos","700","450"
"videowall","25","alquiler-de-mesas-para-eventos-en-bogota.jpg","https://ltndj.com/wp-content/uploads/2023/05/alquiler-de-mesas-para-eventos-en-bogota.jpg","alquiler de mesas para eventos en bogota","700","450"
"videowall","26","cropped-logo-latin-dj.png","https://ltndj.com/wp-content/uploads/2018/03/cropped-Logo-Latin-DJ.png","Logo Latin DJ","200","95"
"sonido-e-iluminacion","1","cropped-logo-latindj-140x140-1.png","https://ltndj.com/wp-content/uploads/2018/03/cropped-logo-latindj-140x140-1.png","","512","512"
"sonido-e-iluminacion","2","logo-latin-dj.png","https://ltndj.com/wp-content/uploads/2019/12/Logo-Latin-DJ.png","Logo Latin DJ","2945","1411"
"sonido-e-iluminacion","3","alquiler-de-luces-para-eventos-en-bogota.jpg","https://ltndj.com/wp-content/uploads/2018/04/alquiler-de-luces-para-eventos-en-bogota.jpg","alquiler de luces para eventos en bogota","1024","683"
"sonido-e-iluminacion","4","cabina-de-dj-para-eventos-en-bogota.jpg","https://ltndj.com/wp-content/uploads/2018/04/cabina-de-dj-para-eventos-en-bogota.jpg","cabina de dj para eventos en bogota","1024","683"
"sonido-e-iluminacion","5","luces-para-fiestas-en-bogota.jpg","https://ltndj.com/wp-content/uploads/2018/04/luces-para-fiestas-en-bogota.jpg","luces para fiestas en bogota","1024","683"
"sonido-e-iluminacion","6","luces-para-eventos-bogota.jpg","https://ltndj.com/wp-content/uploads/2018/04/luces-para-eventos-bogota.jpg","luces para eventos bogota","1024","683"
"sonido-e-iluminacion","7","alquiler-de-bola-de-espejos-para-fiestas-en-bogota.jpg","https://ltndj.com/wp-content/uploads/2018/04/alquiler-de-bola-de-espejos-para-fiestas-en-bogota.jpg","alquiler de bola de espejos para fiestas en bogota","1024","683"
"sonido-e-iluminacion","8","consola-de-dj-para-eventos-en-bogota.jpg","https://ltndj.com/wp-content/uploads/2018/04/consola-de-dj-para-eventos-en-bogota.jpg","consola de dj para eventos en bogota","1024","683"
"sonido-e-iluminacion","9","estructura-truss-para-eventos-en-bogota.jpg","https://ltndj.com/wp-content/uploads/2018/04/estructura-truss-para-eventos-en-bogota.jpg","estructura truss para eventos en bogota","1024","683"
"sonido-e-iluminacion","10","alquiler-de-sonido-para-eventos-en-bogota.jpg","https://ltndj.com/wp-content/uploads/2018/04/alquiler-de-sonido-para-eventos-en-bogota.jpg","alquiler de sonido para eventos en bogota","1024","683"
"sonido-e-iluminacion","11","alquiler-de-sonido-e-iluminacion-para-eventos.jpg","https://ltndj.com/wp-content/uploads/2018/04/alquiler-de-sonido-e-iluminacion-para-eventos.jpg","alquiler de sonido e iluminacion para eventos","1024","683"
"sonido-e-iluminacion","12","alquiler-de-maquina-de-humo-para-eventos.jpg","https://ltndj.com/wp-content/uploads/2018/04/alquiler-de-maquina-de-humo-para-eventos.jpg","alquiler de maquina de humo para eventos","1024","683"
"sonido-e-iluminacion","13","explosion-venturi-para-eventos-en-bogota.jpg","https://ltndj.com/wp-content/uploads/2018/04/explosion-venturi-para-eventos-en-bogota.jpg","explosion venturi para eventos en bogota","1024","683"
"sonido-e-iluminacion","14","cortina-led-para-eventos-en-bogota.jpg","https://ltndj.com/wp-content/uploads/2018/04/cortina-led-para-eventos-en-bogota.jpg","cortina led para eventos en bogota","1024","683"
"sonido-e-iluminacion","15","salas-negras-para-eventos-bogota.jpg","https://ltndj.com/wp-content/uploads/2023/12/Salas-negras-para-eventos-bogota.jpg","Salas negras para eventos bogota","700","450"
"sonido-e-iluminacion","16","alquiler-de-mesas-y-sillas-en-madera-bogota.jpg","https://ltndj.com/wp-content/uploads/2023/12/alquiler-de-mesas-y-sillas-en-madera-bogota.jpg","alquiler de mesas y sillas en madera bogota","700","450"
"sonido-e-iluminacion","17","manteles-para-eventos-en-bogota.jpg","https://ltndj.com/wp-content/uploads/2023/12/manteles-para-eventos-en-bogota.jpg","manteles para eventos en bogota","700","450"
"sonido-e-iluminacion","18","alquiler-de-mesas-con-mantel-para-eventos.jpg","https://ltndj.com/wp-content/uploads/2023/12/alquiler-de-mesas-con-mantel-para-eventos.jpg","alquiler de mesas con mantel para eventos","700","450"
"sonido-e-iluminacion","19","poltronas-para-eventos-en-bogota.jpg","https://ltndj.com/wp-content/uploads/2023/12/poltronas-para-eventos-en-bogota.jpg","poltronas para eventos en bogota","700","450"
"sonido-e-iluminacion","20","cropped-logo-latin-dj.png","https://ltndj.com/wp-content/uploads/2018/03/cropped-Logo-Latin-DJ.png","Logo Latin DJ","200","95"
"pistas-led","1","cropped-logo-latindj-140x140-1.png","https://ltndj.com/wp-content/uploads/2018/03/cropped-logo-latindj-140x140-1.png","","512","512"
"pistas-led","2","cropped-logo-latin-dj.png","https://ltndj.com/wp-content/uploads/2018/03/cropped-Logo-Latin-DJ.png","Logo Latin DJ","200","95"
"pistas-led","3","pistas-de-baile-en-bogota.webp","https://ltndj.com/wp-content/uploads/2024/07/pistas-de-baile-en-bogota.webp","pistas de baile en bogota","700","450"
"pistas-led","4","alquiler-de-pisos-led-en-bogota.webp","https://ltndj.com/wp-content/uploads/2024/07/alquiler-de-pisos-led-en-bogota.webp","alquiler de pisos led en bogota","700","450"
"pistas-led","5","alquiler-de-pisos-para-eventos-en-bogota.webp","https://ltndj.com/wp-content/uploads/2024/07/alquiler-de-pisos-para-eventos-en-bogota.webp","alquiler de pisos para eventos en bogota","700","450"
"pistas-led","6","alquiler-de-pisos-en-bogota.webp","https://ltndj.com/wp-content/uploads/2024/07/alquiler-de-pisos-en-bogota.webp","alquiler de pisos en bogota","700","450"
"pistas-led","7","renta-de-pistas-de-baile-iluminadas.webp","https://ltndj.com/wp-content/uploads/2024/07/renta-de-pistas-de-baile-iluminadas.webp","renta de pistas de baile iluminadas","700","450"
"pistas-led","8","alquiler-de-pisos-para-eventos.webp","https://ltndj.com/wp-content/uploads/2024/07/alquiler-de-pisos-para-eventos.webp","alquiler de pisos para eventos","700","450"
"pistas-led","9","alquiler-de-tarimas-y-pisos-para-eventos.webp","https://ltndj.com/wp-content/uploads/2024/07/alquiler-de-tarimas-y-pisos-para-eventos.webp","alquiler de tarimas y pisos para eventos","700","450"
"pistas-led","10","alquiler-de-pantallas-para-eventos-bogota.jpg","https://ltndj.com/wp-content/uploads/2023/12/alquiler-de-pantallas-para-eventos-bogota.jpg","alquiler de pantallas para eventos bogota","700","450"
"pistas-led","11","alquiler-de-mesas-y-sillas-en-madera-bogota.jpg","https://ltndj.com/wp-content/uploads/2023/12/alquiler-de-mesas-y-sillas-en-madera-bogota.jpg","alquiler de mesas y sillas en madera bogota","700","450"
"pistas-led","12","alquiler-de-sillas-para-conferencias-en-bogota.jpg","https://ltndj.com/wp-content/uploads/2023/12/Alquiler-de-sillas-para-conferencias-en-bogota.jpg","Alquiler de sillas para conferencias en bogota","700","450"
"pistas-led","13","renta-salas-en-madera-eventos-bogota.jpg","https://ltndj.com/wp-content/uploads/2023/12/renta-salas-en-madera-eventos-bogota.jpg","renta salas en madera eventos bogota","700","450"
"pistas-led","14","alquiler-de-video-wall-para-eventos-en-bogota.jpg","https://ltndj.com/wp-content/uploads/2023/12/alquiler-de-video-wall-para-eventos-en-bogota.jpg","alquiler de video wall para eventos en bogota","700","450"
"pistas-led","15","manteles-para-eventos-en-bogota.jpg","https://ltndj.com/wp-content/uploads/2023/12/manteles-para-eventos-en-bogota.jpg","manteles para eventos en bogota","700","450"
"pistas-led","16","portrona-para-eventos-en-bogota.jpg","https://ltndj.com/wp-content/uploads/2023/12/portrona-para-eventos-en-bogota.jpg","portrona para eventos en bogota","700","450"
"contactanos","1","cropped-logo-latindj-140x140-1.png","https://ltndj.com/wp-content/uploads/2018/03/cropped-logo-latindj-140x140-1.png","","512","512"
"contactanos","2","logo-latin-dj.png","https://ltndj.com/wp-content/uploads/2019/12/Logo-Latin-DJ.png","Logo Latin DJ","2945","1411"
"contactanos","3","alquiler-de-tarimas-y-pisos-para-eventos.jpg","https://ltndj.com/wp-content/uploads/2023/12/alquiler-de-tarimas-y-pisos-para-eventos.jpg","alquiler de tarimas y pisos para eventos","700","450"
"contactanos","4","alquiler-de-pantallas-led.jpg","https://ltndj.com/wp-content/uploads/2023/05/alquiler-de-pantallas-led.jpg","alquiler de pantallas led","700","450"
"contactanos","5","alquiler-de-mobiliario-led-para-eventos.jpg","https://ltndj.com/wp-content/uploads/2023/05/alquiler-de-mobiliario-led-para-eventos.jpg","alquiler de mobiliario led para eventos","700","450"
"contactanos","6","alquiler-de-mesas-con-mantel-para-eventos.jpg","https://ltndj.com/wp-content/uploads/2023/12/alquiler-de-mesas-con-mantel-para-eventos.jpg","alquiler de mesas con mantel para eventos","700","450"
"contactanos","7","alquiler-de-mesas-para-eventos-en-bogota.jpg","https://ltndj.com/wp-content/uploads/2023/05/alquiler-de-mesas-para-eventos-en-bogota.jpg","alquiler de mesas para eventos en bogota","700","450"
"contactanos","8","cropped-logo-latin-dj.png","https://ltndj.com/wp-content/uploads/2018/03/cropped-Logo-Latin-DJ.png","Logo Latin DJ","200","95"
"_no-usadas-en-paginas","1","alquiler-de-televisores-para-eventos-bogota.jpg","https://ltndj.com/wp-content/uploads/2023/12/alquiler-de-televisores-para-eventos-bogota.jpg","alquiler de televisores para eventos bogota","700","450"
"_no-usadas-en-paginas","2","alquiler-de-televisores-plasmas.jpg","https://ltndj.com/wp-content/uploads/2023/12/alquiler-de-televisores-plasmas.jpg","alquiler de televisores plasmas","700","450"
"_no-usadas-en-paginas","3","alquiler-de-pantallas-bogota.jpg","https://ltndj.com/wp-content/uploads/2023/12/alquiler-de-pantallas-bogota.jpg","alquiler de pantallas bogota","700","450"
"_no-usadas-en-paginas","4","alquiler-de-videowall-para-eventos.jpg","https://ltndj.com/wp-content/uploads/2023/12/alquiler-de-videowall-para-eventos.jpg","alquiler de videowall para eventos","700","450"
"_no-usadas-en-paginas","5","alquiler-de-pisos-para-eventos-en-bogota.jpg","https://ltndj.com/wp-content/uploads/2023/12/alquiler-de-pisos-para-eventos-en-bogota.jpg","alquiler de pisos para eventos en bogota","700","450"
"_no-usadas-en-paginas","6","alquiler-de-pisos-en-bogota.jpg","https://ltndj.com/wp-content/uploads/2023/12/alquiler-de-pisos-en-bogota.jpg","alquiler de pisos en bogota","700","450"
"_no-usadas-en-paginas","7","alquiler-de-pisos-led-en-bogota.jpg","https://ltndj.com/wp-content/uploads/2023/12/alquiler-de-pisos-led-en-bogota.jpg","alquiler de pisos led en bogota","700","450"
"_no-usadas-en-paginas","8","alquiler-de-mobiliario-led-para-eventos.jpg","https://ltndj.com/wp-content/uploads/2023/12/alquiler-de-mobiliario-led-para-eventos.jpg","alquiler de mobiliario led para eventos","700","450"
"_no-usadas-en-paginas","9","renta-de-pistas-de-baile-iluminadas.jpg","https://ltndj.com/wp-content/uploads/2023/12/renta-de-pistas-de-baile-iluminadas.jpg","renta de pistas de baile iluminadas","700","450"
"_no-usadas-en-paginas","10","pistas-de-baile-en-bogota.jpg","https://ltndj.com/wp-content/uploads/2023/12/pistas-de-baile-en-bogota.jpg","pistas de baile en bogota","700","450"
"_no-usadas-en-paginas","11","alquiler-de-pisos-para-eventos.jpg","https://ltndj.com/wp-content/uploads/2023/12/alquiler-de-pisos-para-eventos.jpg","alquiler de pisos para eventos","700","450"
"_no-usadas-en-paginas","12","pistas-de-baile-led-para-eventos.jpg","https://ltndj.com/wp-content/uploads/2023/12/pistas-de-baile-led-para-eventos.jpg","pistas de baile led para eventos","700","450"
"_no-usadas-en-paginas","13","alquiler-de-pistas-de-baile-para-eventos-bogota.jpg","https://ltndj.com/wp-content/uploads/2023/12/Alquiler-de-pistas-de-baile-para-eventos-bogota.jpg","Alquiler de pistas de baile para eventos bogota","700","450"
"_no-usadas-en-paginas","14","pistas-de-baile-para-eventos.jpg","https://ltndj.com/wp-content/uploads/2023/12/pistas-de-baile-para-eventos.jpg","pistas de baile para eventos","700","450"
"_no-usadas-en-paginas","15","alquiler-de-calefactores-de-ambiente-para-eventos-en-bogota.jpg","https://ltndj.com/wp-content/uploads/2023/05/Alquiler-de-calefactores-de-ambiente-para-eventos-en-bogota.jpg","Alquiler de calefactores de ambiente para eventos en bogota","700","450"
"_no-usadas-en-paginas","16","organizacion-de-fiestas-en-bogota.jpg","https://ltndj.com/wp-content/uploads/2020/01/organizacion-de-fiestas-en-bogota.jpg","organizacion de fiestas en bogota","2000","1333"
"_no-usadas-en-paginas","17","alquiler-de-sonido-para-fiestas-en-bogota.jpg","https://ltndj.com/wp-content/uploads/2020/01/alquiler-de-sonido-para-fiestas-en-bogota.jpg","alquiler de sonido para fiestas en bogota","2000","1333"
"_no-usadas-en-paginas","18","alquiler-de-luces-para-eventos-en-bogota-1.jpg","https://ltndj.com/wp-content/uploads/2020/01/alquiler-de-luces-para-eventos-en-bogota-1.jpg","alquiler de luces para eventos en bogota","2000","1333"
"_no-usadas-en-paginas","19","alquiler-de-luces-para-eventos-en-bogota.jpg","https://ltndj.com/wp-content/uploads/2020/01/alquiler-de-luces-para-eventos-en-bogota.jpg","","1024","576"
"_no-usadas-en-paginas","20","alquiler-de-luces-y-sonido-para-eventos-en-bogota.jpg","https://ltndj.com/wp-content/uploads/2020/01/alquiler-de-luces-y-sonido-para-eventos-en-bogota.jpg","alquiler de luces y sonido para eventos en bogota","1024","576"
"_no-usadas-en-paginas","21","latin-audiovisuales.png","https://ltndj.com/wp-content/uploads/2019/12/LATIN-AUDIOVISUALES.png","LATIN AUDIOVISUALES","3298","1571"
"_no-usadas-en-paginas","22","alquiler-de-sonido-e-iluminacio-para-eventos.jpg","https://ltndj.com/wp-content/uploads/2019/12/alquiler-de-sonido-e-iluminacio-para-eventos.jpg","alquiler de sonido e iluminacion para eventos","1024","576"
"_no-usadas-en-paginas","23","fiestas-de-cumpleanos-bogota.jpg","https://ltndj.com/wp-content/uploads/2019/07/Fiestas-de-cumpleanos-bogota.jpg","Fiestas de cumpleanos bogota","1024","682"
"_no-usadas-en-paginas","24","fiestas-tematicas-de-15-en-bogota.jpg","https://ltndj.com/wp-content/uploads/2019/07/Fiestas-tematicas-de-15-en-bogota.jpg","Fiestas tematicas de 15 en bogota","1024","682"
"_no-usadas-en-paginas","25","fiestas-tematicas-bogota.jpg","https://ltndj.com/wp-content/uploads/2019/07/Fiestas-Tematicas-Bogota.jpg","Fiestas Tematicas Bogota","2000","1333"
"_no-usadas-en-paginas","26","fiestas-ochenteras-luces-y-sonido-en-bogota.jpg","https://ltndj.com/wp-content/uploads/2019/07/Fiestas-ochenteras-luces-y-sonido-en-Bogota.jpg","Fiestas ochenteras luces y sonido en Bogota","2000","1333"
"_no-usadas-en-paginas","27","viejotecas-en-bogota.jpg","https://ltndj.com/wp-content/uploads/2019/07/Viejotecas-en-Bogota.jpg","Viejotecas en Bogota","2000","1333"
"_no-usadas-en-paginas","28","alquiler-de-sonido-y-luces-en-bogota.jpg","https://ltndj.com/wp-content/uploads/2019/07/Alquiler-de-sonido-y-luces-en-bogota.jpg","Alquiler de sonido y luces en bogota","2000","1333"
"_no-usadas-en-paginas","29","sonido-profesional-bogota.jpg","https://ltndj.com/wp-content/uploads/2019/07/Sonido-profesional-bogota.jpg","Sonido profesional bogota","2000","1333"
"_no-usadas-en-paginas","30","luces-para-fiestas-en-bogota.jpg","https://ltndj.com/wp-content/uploads/2019/07/Luces-para-fiestas-en-bogota.jpg","Luces para fiestas en bogota","2000","1333"
"_no-usadas-en-paginas","31","chiquitecas-en-bogota.jpg","https://ltndj.com/wp-content/uploads/2019/07/Chiquitecas-en-bogota.jpg","Chiquitecas en bogota","2000","1333"
"_no-usadas-en-paginas","32","3108609114-whatsapp.png","https://ltndj.com/wp-content/uploads/2019/07/3108609114-whatsapp.png","3108609114 whatsapp","961","339"
"_no-usadas-en-paginas","33","3016003031-whatsapp.png","https://ltndj.com/wp-content/uploads/2019/07/3016003031-whatsapp.png","3016003031 whatsapp","961","339"
"_no-usadas-en-paginas","34","3003108492-whatsapp.png","https://ltndj.com/wp-content/uploads/2019/07/3003108492-whatsapp.png","3003108492 whatsapp","961","339"
"_no-usadas-en-paginas","35","alquiler-de-mobiliario-para-eventos-en-bogota.jpg","https://ltndj.com/wp-content/uploads/2019/02/alquiler-de-mobiliario-para-eventos-en-bogota.jpg","alquiler de mobiliario para eventos en bogota","600","600"
"_no-usadas-en-paginas","36","alquiler-de-pistas-de-baile-led-bogota.jpg","https://ltndj.com/wp-content/uploads/2019/02/alquiler-de-pistas-de-baile-led-bogota.jpg","alquiler de pistas de baile led bogota","600","600"
"_no-usadas-en-paginas","37","alquiler-de-luces-y-sonido-en-bogota.jpg","https://ltndj.com/wp-content/uploads/2019/02/alquiler-de-luces-y-sonido-en-bogota.jpg","alquiler de luces y sonido en bogota","600","600"
"_no-usadas-en-paginas","38","alquiler-de-videowall-y-pantallas-en-bogota.jpg","https://ltndj.com/wp-content/uploads/2019/02/alquiler-de-videowall-y-pantallas-en-bogota.jpg","alquiler de videowall y pantallas en bogota","600","600"
"_no-usadas-en-paginas","39","alquiler-de-luces-y-sonido-en-bogota.jpg","https://ltndj.com/wp-content/uploads/2018/10/alquiler-de-luces-y-sonido-en-bogota.jpg","alquiler de luces y sonido en bogota","750","280"
"_no-usadas-en-paginas","40","luces-y-sonido-para-fiestas-y-eventos.jpg","https://ltndj.com/wp-content/uploads/2018/10/luces-y-sonido-para-fiestas-y-eventos.jpg","luces y sonido para fiestas y eventos","750","280"
"_no-usadas-en-paginas","41","separadores-de-fila-en-bogota.jpg","https://ltndj.com/wp-content/uploads/2018/04/separadores-de-fila-en-bogota.jpg","separadores de fila en bogota","1024","683"
"_no-usadas-en-paginas","42","alquiler-de-separadores-de-fila-en-bogota.jpg","https://ltndj.com/wp-content/uploads/2018/04/alquiler-de-separadores-de-fila-en-bogota.jpg","alquiler de separadores de fila en bogota","1024","683"
"_no-usadas-en-paginas","43","logo-latin-dj.png","https://ltndj.com/wp-content/uploads/2018/03/Logo-Latin-DJ.png","Logo Latin DJ","2945","1411"
"_no-usadas-en-paginas","44","logo-latindj-140x140-1.png","https://ltndj.com/wp-content/uploads/2018/03/logo-latindj-140x140-1.png","logotipo latin dj audiovisuales","140","140"